NV_1.mp4,1
NV_10.mp4,1
NV_11.mp4,1
NV_12.mp4,1
NV_13.mp4,1
NV_14.mp4,1
NV_15.mp4,1
NV_16.mp4,1
NV_17.mp4,1
NV_18.mp4,1
NV_19.mp4,1
NV_2.mp4,1
NV_20.mp4,1
NV_21.mp4,1
NV_22.mp4,1
NV_23.mp4,1
NV_24.mp4,1
NV_25.mp4,1
NV_26.mp4,1
NV_27.mp4,1
NV_28.mp4,1
NV_29.mp4,1
NV_3.mp4,1
NV_30.mp4,1
NV_31.mp4,1
NV_32.mp4,1
NV_33.mp4,1
NV_34.mp4,1
NV_35.mp4,1
NV_36.mp4,1
NV_37.mp4,1
NV_38.mp4,1
NV_39.mp4,1
NV_4.mp4,1
NV_40.mp4,1
NV_41.mp4,1
NV_42.mp4,1
NV_43.mp4,1
NV_44.mp4,1
NV_45.mp4,1
NV_46.mp4,1
NV_47.mp4,1
NV_48.mp4,1
NV_49.mp4,1
NV_5.mp4,1
NV_50.mp4,1
NV_6.mp4,1
NV_7.mp4,1
NV_8.mp4,1
NV_9.mp4,1
V_1.mp4,0
V_10.mp4,0
V_11.mp4,0
V_12.mp4,0
V_13.mp4,0
V_14.mp4,0
V_15.mp4,0
V_16.mp4,0
V_17.mp4,0
V_18.mp4,0
V_19.mp4,0
V_2.mp4,0
V_20.mp4,0
V_21.mp4,0
V_22.mp4,0
V_23.mp4,0
V_24.mp4,0
V_25.mp4,0
V_26.mp4,0
V_27.mp4,0
V_28.mp4,0
V_29.mp4,0
V_3.mp4,0
V_30.mp4,0
V_31.mp4,0
V_32.mp4,0
V_33.mp4,0
V_34.mp4,0
V_35.mp4,0
V_36.mp4,0
V_37.mp4,0
V_38.mp4,0
V_39.mp4,0
V_4.mp4,0
V_40.mp4,0
V_41.mp4,0
V_42.mp4,0
V_43.mp4,0
V_44.mp4,0
V_45.mp4,0
V_46.mp4,0
V_47.mp4,0
V_48.mp4,0
V_49.mp4,0
V_5.mp4,0
V_50.mp4,0
V_6.mp4,0
V_7.mp4,0
V_8.mp4,0
V_9.mp4,0
